Id,Type,Image,URL,Content,Timestamp,Impressions (Organic),Impressions (Paid),Reach (Organic),Reach (Paid),Likes,Saved,Comments,Clicks,Interactions,Engagement,Video Views (Organic),Video Views (Paid),Post clicks (Paid),Post Interactions (Paid),Spend
"3191396227549949130_55644265820","FEED_IMAGE","https://scontent-lcy1-1.cdninstagram.com/v/t51.2885-15/375371656_265821339735934_3191345125504385042_n.jpg?_nc_cat=106&ccb=1-7&_nc_sid=8ae9d6&_nc_ohc=TgtvklykXtcAX8DrjAO&_nc_ht=scontent-lcy1-1.cdninstagram.com&edm=AM6HXa8EAAAA&oh=00_AfBawNwGnEtWbVhGCOaR6EdNHLypnylLvJxQULTi7J4qnw&oe=650908EC","https://www.instagram.com/p/CxKHfXQouzK/","⁉️Le saviez vous ?

En 2023, on sait l'impact que les pesticides ont sur les abeilles et autres insectes pollinisateurs, tout comme l'importance de ces espèces sur le bon équilibre de l'écosystème naturel. 

Mais ça vaut toujours le coup de le rappeler : l'usage excessif et régulier d'insecticides et pesticides ne touche pas uniquement les nuisibles et autres invasifs, mais aussi l'ensemble de la faune et même de la flore. 

Alors, pour protéger l'environnement tout en agissant contre les espèces invasives, faites appel à un professionnel. 

➡️ Chez Interventions Nuisibles, nous travaillons constamment à intégrer nos actions dans un cadre écoresponsable. Vous protéger, c'est aussi conserver l'équilibre naturel intact !

#lesaviezvous #cultureg #protectthebee #abeilles #environnement #ecologie #nature #pesticides #ecoresponsable #protection #green #protecttheearth",2023-09-14 06:01,43,,40,,2,0,0,"0",2,"50",,,,,
"3189614697255380883_55644265820","FEED_IMAGE","https://scontent-lcy1-1.cdninstagram.com/v/t51.2885-15/375395110_254129090347405_5297202010545136115_n.jpg?_nc_cat=109&ccb=1-7&_nc_sid=8ae9d6&_nc_ohc=xZbWVIa4oWAAX94zWnw&_nc_ht=scontent-lcy1-1.cdninstagram.com&edm=AM6HXa8EAAAA&oh=00_AfAxU6tOKPgBRlsAg8a3iDZbcLIkHzHGP5dMbi2zg3DN7g&oe=6509A892","https://www.instagram.com/p/CxDyar4RaeT/","⁉️Le saviez vous ?

Elles parcourent la Terre depuis la nuit des temps : les fourmis sont présentes sur Terre depuis 130 millions d'années. 

Elles seraient apparues durant la période du Crétacé et, preuve de leur résistance, elles ont survécu aux évènements qui ont mené à la disparition des dinosaures !

#quizz #insectes #fourmis #dinosaures #histoire #fact #interessant #passé #ancien #cultureg #connaissance #knowledge #information #question",2023-09-11 19:02,59,,54,,1,0,1,"0",2,"37.04",,,,,
"3188481475727075154_55644265820","FEED_IMAGE","https://scontent-lcy1-1.cdninstagram.com/v/t51.2885-15/377236465_1681125249067603_3790005658829589695_n.jpg?_nc_cat=103&ccb=1-7&_nc_sid=8ae9d6&_nc_ohc=_ZbTvKHYMsMAX-vD9Fu&_nc_ht=scontent-lcy1-1.cdninstagram.com&edm=AM6HXa8EAAAA&oh=00_AfB-fUImk8g3ckwM_NZpFJsHhIHgJ0MfGG5RdIjaqD7GCA&oe=650A67A3","https://www.instagram.com/p/Cw_wwJFoCdS/","⁉️Le saviez vous ?

Elles mangent votre bois mais ne vous voient pas !

Les termites se dirigent grâce à leurs autres sens pour naviguer. 

Pas besoin de faire un mexican stand off pour les effrayer, appelez directement un professionnel !

#quizz #instagood #cultureg #connaissances #insectes #termites #bois #invasion #nuisibles",2023-09-10 05:30,50,,46,,1,0,0,"0",1,"21.74",,,,,
"3187817066080718353_55644265820","FEED_IMAGE","https://scontent-lcy1-1.cdninstagram.com/v/t51.2885-15/375861841_313787221163868_712482915190392803_n.jpg?_nc_cat=105&ccb=1-7&_nc_sid=8ae9d6&_nc_ohc=4DN2KrmtYj4AX9s6Nfr&_nc_ht=scontent-lcy1-1.cdninstagram.com&edm=AM6HXa8EAAAA&oh=00_AfAJKgCRDUlFC0qjmibeu5uzz454DfoecYvnKpkmzON5Gw&oe=6509A85E","https://www.instagram.com/p/Cw9ZrtYq04R/","⁉️Le saviez vous ?

Dur dur de se débarrasser des punaises de lit !

Une fois installées, elles peuvent vous gâcher la vie pendant longtemps ! 

Agissez vite, agissez fort, faites appel à des pros !

#quizz #instagood #cultureg #connaissances #insectes #punaisesdelit #ugc #cinema #lit #airbnb",2023-09-09 07:30,74,,69,,1,0,1,"0",2,"28.99",,,,,
"3187047779757394357_55644265820","FEED_IMAGE","https://scontent-lcy1-1.cdninstagram.com/v/t51.2885-15/375792161_266838822896723_3096272600233917630_n.jpg?_nc_cat=111&ccb=1-7&_nc_sid=8ae9d6&_nc_ohc=xl02SxX_jmMAX-Dqa0G&_nc_ht=scontent-lcy1-1.cdninstagram.com&edm=AM6HXa8EAAAA&oh=00_AfD70hB9t3C2x4Ge1HgYPZvAgCMKumRkv0NoBFSpv-rzJw&oe=650902E7","https://www.instagram.com/p/Cw6qxHqowm1/","⁉️Le saviez vous ?

Eh oui, l'araignée n'est pas un insecte, mais une arachnide. 

Les insectes : 6 pattes et un corps divisé en trois (tête, thorax et abdomen)

Arachnides : 8 pattes, un corps divisé en deux (céphalothorax et abdomen) ainsi que pas d'ailes ou d'antennes. 

De quoi frimer au prochain repas de famille ?

#quizz #instagood #cultureg #connaissances #insectes #araignees #arachnides #phobie",2023-09-08 06:02,49,,45,,1,0,0,"0",1,"22.22",,,,,
"3186690143267028772_55644265820","FEED_IMAGE","https://scontent-lcy1-1.cdninstagram.com/v/t51.2885-15/375398740_1028096975040214_8716430299814216111_n.jpg?_nc_cat=111&ccb=1-7&_nc_sid=8ae9d6&_nc_ohc=6eClLxxpiFoAX8SVPpC&_nc_ht=scontent-lcy1-1.cdninstagram.com&edm=AM6HXa8EAAAA&oh=00_AfCezUFCsUF0h11vJl5aZWTAEpsJda7ht4PStr9k4vTLyw&oe=650ABA6D","https://www.instagram.com/p/Cw5Zc0uq38k/","⁉️Le saviez vous ?

Oui, les moustiques nous repèrent grâce au dioxyde de carbone émis par notre respiration. 

Difficile de se cacher de ces prédateurs de l'été...

#quizz #instagood #cultureg #connaissances #insectes #moustiques",2023-09-07 18:11,48,,40,,1,0,0,"0",1,"25",,,,,
"3185620860717992487_55644265820","FEED_CAROUSEL_ALBUM","https://scontent-lcy1-1.cdninstagram.com/v/t51.2885-15/375189113_987738872527533_7338411872316044140_n.jpg?_nc_cat=110&ccb=1-7&_nc_sid=8ae9d6&_nc_ohc=CPWsH81G-IAAX_BOykd&_nc_ht=scontent-lcy1-1.cdninstagram.com&edm=AM6HXa8EAAAA&oh=00_AfCe93GDABDv6IKTspWtvyuM2yGAZLXiNLVH-CbMHQxZGA&oe=6509A224","https://www.instagram.com/p/Cw1mUtwK4on/","🔔C'est la rentrée, interro surprise !

Pour préparer l'automne dans les meilleures conditions, on vous a préparé un Vrai ou Faux pour revoir les basiques sur les nuisibles. ✅❎

Pas d'inquiétudes, si vous avez un trou de mémoire, Interventions Nuisibles est là pour vous souffler la bonne réponse ! Et pour être incollable sur les nuisibles et autres espèces invasives, contactez nous ☎️

Alors, vous avez eu combien de bonnes réponses ? 

#quizz #vraioufaux #rentrée #test #france #instagood",2023-09-06 06:47,45,,31,,2,0,0,"0",2,"64.52",,,,,
"3185266545362523857_55644265820","FEED_IMAGE","https://scontent-lcy1-1.cdninstagram.com/v/t51.2885-15/375067927_1089006095410453_183568599166405413_n.jpg?_nc_cat=103&ccb=1-7&_nc_sid=8ae9d6&_nc_ohc=hPRirhw2RoUAX9qeJXx&_nc_ht=scontent-lcy1-1.cdninstagram.com&edm=AM6HXa8EAAAA&oh=00_AfCSxyLuWVmnHWS-H1ce7vE-nI3sdlN2yRm-w4y1ggyOEg&oe=650A86AB","https://www.instagram.com/p/Cw0Vwv3RNbR/","➡️ Savez vous quel est la présence réelle des punaises de lit dans votre région ? 

Il peut être difficile de connaître le chiffre réel des infestations en France, mais une donnée nous permet d'en savoir plus : le nombre de personnes ayant consulté un médecin généraliste pour des réactions allergiques liées à ces insectes. 

Si les chiffres peuvent vous paraître bas sur certains territoires, prenez en compte le fait que les chiffres ont bondi de 50% en l'espace de deux ans. Une croissance énorme, à laquelle s'ajoute une autre information clé : d'ici 2030, ce sont 30 à 35% des foyers qui devraient êtres touchés par les punaises de lit ! 

En 2018, on estimait déjà le nombre de foyers touchés à près de 400 000 en France. En 5 ans, nous vous laissons calculer l'augmentation ! 

➡️ Alors, au moindre doute, contactez un professionnel pour inspecter votre domicile et éviter de subir l'invasion de ces nuisibles ! 

#punaisesdelit #punaisesdelitparis #punaisesdelits #locationtouristique #retourdevacances #nuisibles

Sources : INSERM / Ministère de la Santé",2023-09-05 19:03,93,,83,,1,0,0,"0",1,"12.05",,,,,
"3184542800867344686_55644265820","FEED_IMAGE","https://scontent-lcy1-1.cdninstagram.com/v/t51.2885-15/374878703_1797971143954162_123225301971709441_n.jpg?_nc_cat=107&ccb=1-7&_nc_sid=8ae9d6&_nc_ohc=Yd4dxEdnG1oAX8dxOZC&_nc_ht=scontent-lcy1-1.cdninstagram.com&edm=AM6HXa8EAAAA&oh=00_AfD6kf-VIOswRp9BwLeYVICY2vDbSRoJQTehysT2I1kxEw&oe=6508F12D","https://www.instagram.com/p/CwxxM4RucEu/","🛌🐞 Petites mais (très) envahissantes 

Vous en avez entendu parler, elles ont été le fil rouge de cet été : les punaises de lit ! Elles se glissent dans nos matelas, nos murs, nos canapés et même nos cinémas🍿

🩸 La punaise de lit est un petit insecte hématophage, c'est à dire qu'elle se nourrit de sang, notamment humain. Une habitude qui mène ses victimes à constater d'énormes plaques de morsures rouges. Des réveils douloureux qui peuvent rendre le quotidien invivable... 

🧳 Elles migrent en se cachant dans nos tissus, notamment les sacs, les matelas, les oreillers, les draps... Plus nous nous déplaçons, plus elles prolifèrent ; logique donc de les voir à la une des actualités au plus fort des vacances estivales 

!📊 Une fois installée, la punaise de lit se reproduit vitesse grand V : jusqu'à 500 œufs pour une punaise, à raison de 3 œufs par jours. Le seul moyen de s'en débarrasser : faire appel à des professionnels, qui peuvent faire usage de produits et d'équipements spécifiques. 

🚨 Chez Interventions Nuisibles, c'est presque une intervention par jour qui concerne les punaises de lit.

📢 Restez connectés ! À l'occasion de la rentrée, nous avons préparé une série spéciale de conseils pour vous. Et si vous écoutez bien, vous pourriez même reconnaître certains de ces conseils d'une source très médiatisée. 😉

N'attendez pas d'être envahi, prenez les devants. Si vous avez besoin d'aide, n'hésitez pas à nous contacter ☎️

🛌🔍 #PunaisesDeLit #ConseilsExperts #ProtégezVotreMaison",2023-09-04 19:05,60,,52,,1,0,0,"0",1,"19.23",,,,,
"3182970765409955533_55644265820","FEED_CAROUSEL_ALBUM","https://scontent-lcy1-1.cdninstagram.com/v/t51.2885-15/374209939_132587543257874_4019161979425868749_n.jpg?_nc_cat=110&ccb=1-7&_nc_sid=8ae9d6&_nc_ohc=YfTiEKouCOQAX9MfoMN&_nc_ht=scontent-lcy1-1.cdninstagram.com&edm=AM6HXa8EAAAA&oh=00_AfDvOHlj_7M82EmbSIvjB2-ZX1deVHgf-tX8KQj8RKbNfA&oe=65096646","https://www.instagram.com/p/CwsLwwKtq7N/","📅 Vous avez complété votre Nuisidex ! 

Pour bien vous préparer à l'arrivée de l'automne et de l'hiver, voici un calendrier pour repérer les principales périodes d'invasion par espèce. 

Préparez vous, car l'hiver arrive ❄️🐺

Avec à nos conseils, vous serez toujours prêts à protéger votre domicile ! 💪 

Et pour toutes vos questions et urgences ➡️ rendez-vous dans la bio, nos équipes sont toujours à votre écoute 🚨

#AttrapezLesTous #nuisibles #maison #inspiration #tranquilité #agenda",2023-09-02 15:01,42,,28,,1,0,0,"0",1,"35.71",,,,,
"3182834217847858083_55644265820","FEED_IMAGE","https://scontent-lcy1-1.cdninstagram.com/v/t51.2885-15/373273792_1048201483256086_6541838136092945205_n.jpg?_nc_cat=109&ccb=1-7&_nc_sid=8ae9d6&_nc_ohc=o99Li_Wrk-4AX8475AQ&_nc_ht=scontent-lcy1-1.cdninstagram.com&edm=AM6HXa8EAAAA&oh=00_AfBg8LiZWoPxNeZh_nAoIlSWBhXev2EPop3ljk9SQ2Iigg&oe=650A4071","https://www.instagram.com/p/CwrstuVx6Oj/","🐜 Termites- Nuisidex Entry 07

🪵La termite n'aime pas le froid, ce qui explique d'ailleurs que leurs grandes migrations ont lieu au début du printemps vers mars / avril. Mais certaines espèces migrent au début de l'automne, notamment vers les structures en bois sec, pour y passer l'hiver. Mauvaise nouvelle pour votre maison, ces rongeurs de bois ne vous laissent pas totalement tranquille pendant la saison froide. 

Protégez vos boiseries contre cet insecte invasif et vorace ! Une équipe professionnelle vous accompagne pour sécuriser votre logement.

Interventions Nuisibles protège votre hiver ➡️ Nos contacts et numéros d'urgence dans la bio !

#termites #automne #bois #pokédex",2023-09-02 10:30,38,,35,,0,0,0,"0",0,"0",,,,,
"3182713336712340845_55644265820","FEED_IMAGE","https://scontent-lcy1-1.cdninstagram.com/v/t51.2885-15/373330065_2025669497792173_7075305816343116701_n.jpg?_nc_cat=100&ccb=1-7&_nc_sid=8ae9d6&_nc_ohc=8cyvcVGo9DUAX8ja17M&_nc_ht=scontent-lcy1-1.cdninstagram.com&edm=AM6HXa8EAAAA&oh=00_AfA5NuJ9uIbcygKANQYxnHoEfaFXVWDYCGox9VXLAaxceg&oe=6509C8E3","https://www.instagram.com/p/CwrROrAoyVt/","🐛 Punaises - Nuisidex Entry 06

👃La punaise s'infiltre dans les maisons à l'approche des journées froides de l'hiver et de l'automne. Elle vrombit, se cogne et dérange plus qu'elle ne menace. Cependant, sa présence représente une véritable gêne, notamment au travers de son odeur provenant des glandes odoriférantes. Un système de défense qui répand un fumet fétide !

Alors ne laissez plus les punaises envahir votre logement et parfumer vos pièces, faites appel à des professionnels !

Interventions Nuisibles protège votre hiver ➡️ Nos contacts et numéros d'urgence dans la bio !

#punaise #automne  #odeurs #pokédex",2023-09-02 06:30,31,,29,,0,0,0,"0",0,"0",,,,,
"3182320838417779950_55644265820","FEED_IMAGE","https://scontent-lcy1-1.cdninstagram.com/v/t51.2885-15/373068310_825281765713668_5268998506744927742_n.jpg?_nc_cat=110&ccb=1-7&_nc_sid=8ae9d6&_nc_ohc=kCONVIQBGM0AX9R5cXC&_nc_ht=scontent-lcy1-1.cdninstagram.com&edm=AM6HXa8EAAAA&oh=00_AfDf7WtVmddRZQuuZS_kZGoWUDutg3K9tyxbPcE2pe_kLQ&oe=65092421","https://www.instagram.com/p/Cwp3_EfNwzu/","🐞 Punaises de lit - Nuisidex Entry 05

🌃 De plus en plus répandues dans l'Hexagone, les punaises de lit sont un véritable enfer pour ceux qui les subissent. Une fois installées dans nos matelas, tout s'enchaîne : insalubrité, via leurs petites déjections noires au creux du matelas, mais aussi dérangements nocturnes, car ces animaux se nourrissent de notre sang au travers de morsures à même la peau. 

Reprenez le contrôle sur votre nuit, ne laissez pas les punaises de lit gagner, en faisant appel à des professionnels !

Interventions Nuisibles protège votre hiver ➡️ Nos contacts et numéros d'urgence dans la bio !

#punaisesdelit #bedbug  #sommeil #pokédex",2023-09-01 17:30,81,,73,,1,0,0,"0",1,"13.7",,,,,
"3182155623549909745_55644265820","FEED_IMAGE","https://scontent-lcy1-1.cdninstagram.com/v/t51.2885-15/372603843_630871265554722_1806240790210594198_n.jpg?_nc_cat=100&ccb=1-7&_nc_sid=8ae9d6&_nc_ohc=zf0koY0EOlsAX9QfoEl&_nc_ht=scontent-lcy1-1.cdninstagram.com&edm=AM6HXa8EAAAA&oh=00_AfAVgB2kw9UWfIH8XgMzv4COstG5zy1HC8Ky0q4-60mSHQ&oe=650A0022","https://www.instagram.com/p/CwpSa4JtDrx/","🐛 Puces - Nuisidex Entry 04

🔝Les puces raffolent de l'intérieur de nos maisons durant l'automne et l'hiver. Elles utilisent les animaux de compagnie pour infiltrer notre domicile, avant de se répandre dans les parquets, les tissus et autres espaces exigus.  Une fois la colonie lancée, votre maison peu devenir invivable à cause de leurs bonds et de leurs morsures...

Alors luttez contre l'infestation bondissante des puces, en faisant appel à une équipe experte dans leur extermination !

Interventions Nuisibles protège votre hiver ➡️ Nos contacts et numéros d'urgence dans la bio !

#puces #chat  #chiens #pokédex",2023-09-01 12:02,32,,25,,0,0,0,"0",0,"0",,,,,
"3182004306247830275_55644265820","FEED_IMAGE","https://scontent-lcy1-1.cdninstagram.com/v/t51.2885-15/373617994_1673024919842791_8802555120362917918_n.jpg?_nc_cat=107&ccb=1-7&_nc_sid=8ae9d6&_nc_ohc=9szy3G8uhWMAX-rCBP4&_nc_ht=scontent-lcy1-1.cdninstagram.com&edm=AM6HXa8EAAAA&oh=00_AfD7vEsTZNTQ1H_vKGE2IuR-EpXK7C2_TZpRn7ZL7-KpLg&oe=650919F3","https://www.instagram.com/p/CwowA67qksD/","🦟 Moustiques - Nuisidex Entry 03

🌗Contrairement à une idée très répandue, le moustique ne disparaît pas forcément avec la fin de l'été. Certaines espèces restent actives au début de l'automne, n'hibernant que pendant la saison froide, pour sortir de son nid à l'approche du printemps, aux alentours de mars. Ils gâchent nos étés, mais peuvent aussi ruiner l'arrière saison !

Vous n'en pouvez plus du bourdonnement incessant des moustiques et de leurs piqures ? Faites appel à des professionnels !

Interventions Nuisibles protège votre hiver ➡️ Nos contacts et numéros d'urgence dans la bio !

#moustiques #piqure  #nuisibles #pokédex",2023-09-01 07:01,37,,32,,0,0,0,"0",0,"0",,,,,
"3181535666797774546_55644265820","FEED_IMAGE","https://scontent-lcy1-1.cdninstagram.com/v/t51.2885-15/372700746_276098428512636_660473887525462712_n.jpg?_nc_cat=102&ccb=1-7&_nc_sid=8ae9d6&_nc_ohc=UFo9L3KCXc4AX_6lM1Q&_nc_ht=scontent-lcy1-1.cdninstagram.com&edm=AM6HXa8EAAAA&oh=00_AfArV7rG8-du422fC5-jeFnGJ7cguuE3K0Uh2bGEpafCbw&oe=650A749A","https://www.instagram.com/p/CwnFdUbt4bS/","🐭 Rongeur - Nuisidex Entry 02

🔥Les rongeurs adorent nos maisons et bâtiments en hiver. Rats, souris et autres espèces s'infiltrent par le moindre trou pour venir passer l'hiver en grignotant. Grignoter notre nourriture, mais aussi les câbles et installations au sein de l'habitation. Attention aux dégâts qui peuvent êtres conséquents !

Si vous repérez des traces de rongeur dans votre domicile, ne perdez pas de temps et contactez des professionnels !

Interventions Nuisibles protège votre hiver ➡️ Nos contacts et numéros d'urgence dans la bio !

#rat #rongeur #nuisibles #pokédex",2023-08-31 15:30,51,,42,,2,0,0,"0",2,"47.62",,,,,
"3181384672047627723_55644265820","FEED_IMAGE","https://scontent-lcy1-1.cdninstagram.com/v/t51.2885-15/371250456_1483379325811069_7361329335670366578_n.jpg?_nc_cat=103&ccb=1-7&_nc_sid=8ae9d6&_nc_ohc=pPIOykSR1aEAX9PLsFZ&_nc_ht=scontent-lcy1-1.cdninstagram.com&edm=AM6HXa8EAAAA&oh=00_AfDekSRBgLnvxd1gIfdITnBldtSvg3pKUtFTkNHraH4uqQ&oe=650A9F35","https://www.instagram.com/p/CwmjIDnRX3L/","🐜 Cafard - Nuisidex Entry 01 

🥶 Pour se protéger du froid, le cafard s'infiltre dans nos logements. À proximité de la chaleur et de l'humidité du domicile, cet insecte s'approprie votre nourriture et apporte la saleté et l'insalubrité. 

Attention, le cafard est un nuisible résistant qui peut être complexe à éliminer ! De plus, sa présence peut entraîner des réactions allergiques ainsi que de l'asthme. 

Si vous repérez une infestation de blattes ou de cafards, faites appel à des professionnels pour les attraper tous !

Interventions Nuisibles protège votre hiver ➡️ Nos contacts et numéros d'urgence dans la bio !

#cafard #blattes #nuisibles #pokédex",2023-08-31 10:30,49,,42,,2,0,0,"0",2,"47.62",,,,,
"3181249285029295956_55644265820","FEED_IMAGE","https://scontent-lcy1-1.cdninstagram.com/v/t51.2885-15/372069598_314513857627306_4629913383734103592_n.jpg?_nc_cat=102&ccb=1-7&_nc_sid=8ae9d6&_nc_ohc=2wCkGV3phXgAX-4eh_7&_nc_ht=scontent-lcy1-1.cdninstagram.com&edm=AM6HXa8EAAAA&oh=00_AfDpTV4lhX74NVXFPdgmh3mOwUCunq-jOnWVLgWuBSXBnQ&oe=650A3A28","https://www.instagram.com/p/CwmEV6oIvdU/","🚀 Préparez vous à la fin de l'été ! 

Nous lançons le Nuisidex, votre guide ultime pour découvrir et combattre les nuisibles d'automne et d'hiver. 🍂❄️

Rongeurs, cafards, moustiques, découvrez toutes les espèces invasives qui s'infiltrent dans les maisons et qui gâchent nos soirées au chaud. 

Gardez un œil sur nos posts pour devenir le maître de la saison froide ! 👾 

#AttrapezLesTous #nuisibles #toussensibles #pokédex",2023-08-31 06:01,46,,38,,1,0,0,"0",1,"26.32",,,,,
"3179139858718694537_55644265820","FEED_IMAGE","https://scontent-lcy1-1.cdninstagram.com/v/t51.2885-15/371026107_847711603366670_9016631626895870183_n.jpg?_nc_cat=101&ccb=1-7&_nc_sid=8ae9d6&_nc_ohc=NkSQeTPyC_YAX8reDdu&_nc_ht=scontent-lcy1-1.cdninstagram.com&edm=AM6HXa8EAAAA&oh=00_AfA5LJ1q7dJXZDoe4x1kcsLOJRpwY8xvMBYgJZqdGdjPkw&oe=65091DE6","https://www.instagram.com/p/CwektuSNpyJ/","Connaissez vous l'impact réel des nuisibles sur notre environnement ? 

Au delà d'un inconfort, léger à fort en fonction de l'infestation et de l'espèce invasive, des troubles concrets peuvent apparaître, en matière de salubrité, d'hygiène, de santé et même de viabilité d'un logement. 

Alors, pour rendre cela plus clair, Interventions Nuisibles a repris le célèbre schéma de l'iceberg ! 

Dites nous en commentaires si vous pensez à d'autres impacts des nuisibles sur votre quotidien ⬇️

#iceberg #nuisibles #impact",2023-08-28 08:10,47,,37,,1,0,0,"0",1,"27.03",,,,,
"3177127357789353346_55644265820","FEED_CAROUSEL_ALBUM","https://scontent-lcy1-1.cdninstagram.com/v/t51.2885-15/369707207_853571309619530_2493227006495622403_n.jpg?_nc_cat=107&ccb=1-7&_nc_sid=8ae9d6&_nc_ohc=-Ga1CMxebp4AX9LYwek&_nc_ht=scontent-lcy1-1.cdninstagram.com&edm=AM6HXa8EAAAA&oh=00_AfABhuZKZAaAVi85YAK4YOhkW2XDOvckICL8IthAw7wbCg&oe=6509C639","https://www.instagram.com/p/CwXbH-vNbWC/","🐝 Faut-il sauver une abeille fatiguée ? 

On comprend l'envie de venir en aide à une butineuse épuisée au milieu du jardin. 

Cependant, une abeille se repose avant tout dans sa ruche ; en dehors, elle est à la merci de ses prédateurs. Une abeille épuisée hors de son habitat est malheureusement en fin de vie. 

🔋 Mais vous pouvez  tout de même lui donner un coup de boost : déposez à proximité de l'insecte une goutte de miel, ou bien un mélange de 70% d'eau et 30% de miel. 

❌ Pour votre sécurité et celle de l'abeille, n'entrez pas en contact direct avec elle. 

#savethebee #nature #tips",2023-08-25 13:31,55,,36,,0,0,0,"0",0,"0",,,,,
"3175616952722040952_55644265820","FEED_IMAGE","https://scontent-lcy1-1.cdninstagram.com/v/t51.2885-15/369251880_202413229486144_7981085895686096847_n.jpg?_nc_cat=106&ccb=1-7&_nc_sid=8ae9d6&_nc_ohc=D4jWoqagfdYAX-rDDzu&_nc_ht=scontent-lcy1-1.cdninstagram.com&edm=AM6HXa8EAAAA&oh=00_AfBX8acPRlfUyChCLtYarbr2dbuK1gj-e7shXcpWwrwhbg&oe=6509DEDE","https://www.instagram.com/p/CwSDssZtKh4/","🐝 Abeille vs. Guêpe : Sauriez vous les distinguer ? 🐝

➡️ Reconnaître une abeille : petite mais costaude !

🟠 Taille : 1.1-1.3 cm.
🟠 La douceur du brun/doré.
🟠 Des poils et des bandes discrètes pour se faufiler.
🟠 Robuste dans la nature !

➡️ Reconnaître une guêpe : fine et flamboyante !

🟡 Taille : 1.1-1.8 cm.
🟡 Jaune vif : impossible à manquer !
🟡 Une taille de guêpe, littéralement.
🟡 Gracieuse et élégante dans les airs.

Notre conseil : si vous croisez une guêpe ou une abeille, mieux vaut ne pas s'y frotter, surtout si vous êtes à proximité d'un nid. 

Besoin d'aide ? Contactez un pro ! 📞 05 54 54 20 27

----------

#abeilles #guepes #spotthedifferences",2023-08-23 11:31,43,,36,,0,0,0,"0",0,"0",,,,,
"3174273755295244006_55644265820","FEED_IMAGE","https://scontent-lcy1-1.cdninstagram.com/v/t51.2885-15/368563552_1046320250061367_2177898704878775655_n.jpg?_nc_cat=103&ccb=1-7&_nc_sid=8ae9d6&_nc_ohc=9xufzdzKR7IAX8DElUg&_nc_ht=scontent-lcy1-1.cdninstagram.com&edm=AM6HXa8EAAAA&oh=00_AfDEsfT9E9Dn2d75InfGa7j7t9Ru0yYVKaV8cWf6i28CGQ&oe=6509D3A2","https://www.instagram.com/p/CwNSSmUN97m/","🐝 Les abeilles sont-elles des nuisibles ? 

❌ Non, les abeilles ne sont pas des insectes nuisibles. 

Au contraire, ces petites bêtes volantes sont de véritables alliées de l'environnement et de notre bien être. 

🌳 Évidemment, l'abeille contribue à la pollinisation et au développement de la flore : arbres, végétaux et mêmes légumes ont besoin de ces insectes pour un développement et une propagation saine. 

🍯 Le miel est aussi un apport de taille ; pour nos tartines, mais avant tout pour la faune sauvage ! Oiseaux, petits rongeurs et insectes intègrent le miel à leur régime alimentaire. 

🕷️ En parlant d'alimentation, l'abeille fait partie de la chaîne alimentaire de 24 espèces d'oiseaux ainsi que d'un grand nombre d'insectes (araignées, libellules...)

🏗️ Enfin, l'abeille est un véritable agent BTP de la nature ! Non seulement au travers de sa ruche, à l'architecture élaborée, mais aussi dans son rôle de pollinisateur, qui permet de maintenir des habitats pour des centaines d'espèces forestières et rurales. 

L'abeille a donc un rôle central dans la biodiversité ! Vous pouvez agir pour la protéger et ainsi agir directement en faveur de l'environnement : 

➡️ Si vous repérez un nid gênant, faites appel à un professionnel pour retirer la ruche sans blesser ses habitants 

➡️ Si vous repérez un nid de guêpe ou un nid de frelon, faites appel à des professionnels : ces espèces peuvent êtres agressives envers l'humain mais sont aussi de véritables prédateurs pour les abeilles

💬 Pour des conseils et une analyse de la situation, Interventions Nuisibles se tient à vos côtés ☎️ 05 54 54 20 27

#savethebee #bee #abeilles #ruche #environnement #ecosysteme #biodiversite #nature #insectes #ecologie #protection #nuisibles #interventions #toulouse #pau #saintremydeprovence #avignon #auch #orthez #dax #bayonne #biarritz #tarbes #nouvelleaquitaine #occitanie #provence #conseils #analyse #protection",2023-08-21 15:02,99,,79,,0,0,0,"0",0,"0",,,,,
"3170431721181568805_55644265820","FEED_CAROUSEL_ALBUM","https://scontent-lcy1-1.cdninstagram.com/v/t51.2885-15/367664947_162322290168500_4216839208972558761_n.jpg?_nc_cat=111&ccb=1-7&_nc_sid=8ae9d6&_nc_ohc=sjrsPEo74D4AX9nF4us&_nc_ht=scontent-lcy1-1.cdninstagram.com&edm=AM6HXa8EAAAA&oh=00_AfBrPYedXZL-wCcYveXhleMPmwIitCQNWVYRSJDT3xwGJw&oe=65099A51","https://www.instagram.com/p/Cv_otpNqF8l/","🌞 L'été est synonyme de chaleur, de détente et de plaisirs en plein air. Mais avec ces moments agréables viennent aussi des invités non désirés : les nuisibles estivaux.

Le #MoustiqueTigre, le #FrelonAsiatique, et les #Cafards peuvent poser des risques réels pour notre santé et notre bien-être. Toutefois, l'information est notre première ligne de défense.

🔍 Découvrez notre infographie pour mieux comprendre ces menaces et comment vous protéger. La connaissance est essentielle pour garantir un été en toute sécurité pour vous et vos proches.

Chez Interventions Nuisibles, nous sommes là pour vous informer et vous accompagner. Votre santé et votre confort sont notre priorité. 🛡️

N'oubliez pas : restez informés, soyez préparés, et profitez de l'été en toute sérénité ! 🌼

#hygiène #propreté #été2023 #santé #prévention",2023-08-16 07:48,55,,38,,1,0,0,"0",1,"26.32",,,,,
"3169804229144853645_55644265820","FEED_CAROUSEL_ALBUM","https://scontent-lcy1-1.cdninstagram.com/v/t51.2885-15/368102506_815981900065397_7392926056261891075_n.jpg?_nc_cat=111&ccb=1-7&_nc_sid=8ae9d6&_nc_ohc=5pWIKuSVBpwAX-5b8Rg&_nc_ht=scontent-lcy1-1.cdninstagram.com&edm=AM6HXa8EAAAA&oh=00_AfAMgiYfzeCgzeinUYPqXAJr6Kmls3XZ09ju3SnmySc9fg&oe=650A4B4A","https://www.instagram.com/p/Cv9aCbttbyN/","❓ Saviez vous que les blattes sont à l'origine de nombreux problèmes de santé ? 

Avec plus de 4 500 espèces comptabilisées dans le monde, ces nuisibles extrêmement résistants s'invitent dans les cuisines et espaces humides de votre logement. En semant leurs déjections autour de leur zones de vie, les blattes et cafards mettent en danger votre bien être et votre santé. 

Les blattes et les cafards peuvent causer un certain nombre de réactions allergiques : 

🤧 Rhumes et rhinites

🫁 Asthmes et troubles respiratoires

👀 Conjonctivites

De plus, ces nuisibles sont aussi porteurs de maladies plus ou moins dangereuses pour la santé de l'humain : salmonellose, infections fongiques mais aussi, dans des cas plus rares, dysenterie ou tuberculose. 

➡️ Les blattes et cafards sont des espèces très invasives, résistantes à la majorité des traitements !

Alors, pour éliminer ces envahisseurs, faites appel à des professionnels 🥽🦺

Les équipes d'Interventions Nuisibles sont à votre écoute en Nouvelle Aquitaine, Occitanie et Provence :

☎️ 05 54 54 20 27

🚨 Urgences Nouvelle Aquitaine et Occitanie :

07 49 79 54 27
07 49 60 28 82

🚨 Urgences Provence :

07 88 31 02 60

#nuisibles #blattes #cafards #fyi #information #prevention #sudouest #occitanie #aquitaine #provence #insecte #sale #proprete #propre #protection #infestation #interventionsnuisibles #interventions #desinsectisation #nettoyage",2023-08-15 11:02,47,,35,,0,0,0,"0",0,"0",,,,,
"3168988937398289796_55644265820","FEED_CAROUSEL_ALBUM","https://scontent-lcy1-1.cdninstagram.com/v/t51.2885-15/366491796_1328203468108144_1905745622981040935_n.jpg?_nc_cat=101&ccb=1-7&_nc_sid=8ae9d6&_nc_ohc=76kXyBq5TEAAX_CgnRP&_nc_ht=scontent-lcy1-1.cdninstagram.com&edm=AM6HXa8EAAAA&oh=00_AfDitu50c5HcvKXMS4RfivA1ReyxIw2rBrqYoiFNBzMdBQ&oe=65092364","https://www.instagram.com/p/Cv6gqYGxIWE/","📚Vos livres sont en danger ! 

Eh oui, il y a aussi des nuisibles dans les rangées de vos bibliothèques ! 🤫

Vous les avez peut-être croisés entre deux livres, ce sont les poissons d'argents. Ces petites bêtes d'environ 1 centimètre peuvent se glisser partout dans votre maison et s'attaquer à vos biens pour se nourrir. 

Le poisson d'argent mange de tout : poussière, détritus, mais aussi denrées alimentaires et emballage. Par dessus tout, ce nuisible s'attaque aussi au papier, dont il raffole : documents et livres sont dans son viseur !

Pour garder votre logement sain, il est donc crucial de lancer un nettoyage rigoureux de votre maison ! 

Et pour le faire dans les meilleures conditions, contactez des experts ! 💪

Les équipes d'Interventions Nuisibles sont à votre écoute en Nouvelle Aquitaine, Occitanie et Provence : 

☎️ 05 54 54 20 27

🚨 Urgences Nouvelle Aquitaine et Occitanie :

07 49 79 54 27
07 49 60 28 82

🚨 Urgences Provence :

07 88 31 02 60

#nuisibles #livres #library #books #bibliothèque #sudouest #occitanie #aquitaine #provence #pau #toulouse #auch #orthez #avignon #bayonne #urgences #nettoyage #proprete #hygiene #maison #logement #cleanhouse #maisonpropre",2023-08-14 08:02,55,,37,,0,0,0,"0",0,"0",,,,,
"3167131168167758313_55644265820","FEED_IMAGE","https://scontent-lcy1-1.cdninstagram.com/v/t51.2885-15/366475912_646150654189042_4640233086262320577_n.jpg?_nc_cat=101&ccb=1-7&_nc_sid=8ae9d6&_nc_ohc=-4J8hirYZVYAX_tXlfs&_nc_ht=scontent-lcy1-1.cdninstagram.com&edm=AM6HXa8EAAAA&oh=00_AfBKAKPWVbK4BnoPKztQt_uA6jRVWUdRXSMALDaL6W7R-g&oe=6509AC41","https://www.instagram.com/p/Cvz6QRrtQnp/","🐀 Ne laissez pas les nuisibles prendre le contrôle de votre domicile ! 🐜

📈 L'infestation de nuisibles a doublé en 5 ans dans l'Hexagone. Un chiffre impressionnant, qui se constate notamment dans les zones urbaines et périurbaines. Malheureusement, le Sud-Ouest n'est pas épargné.

Plusieurs raisons expliquent cette croissance. Bien sûr, le réchauffement climatique modifie le métabolisme ainsi que le comportement de nombreux nuisibles, les rendant plus actifs. 

C'est malgré tout un autre élément qui agit sur l'augmentation du taux d'infestation : les mauvaises pratiques. Manque de prise en charge, de repérage et même mauvaises habitudes d'intervention. De nombreuses astuces 'fait maison' ont une efficacité limitée, qui n'interrompt pas les invasions de nuisibles. 

On note d'ailleurs qu'une action en l'absence de professionnel de l'extermination de nuisibles représente un surcoût de 28.5% en moyenne, à terme. 

👉 Ne laissez pas une mauvaise décision vous coûter cher. Faites confiance aux pros !

Pour une action rapide, efficace et respectueuse de votre environnement, contactez une équipe experte dans l'élimination de nuisibles !

☎️ 05 54 54 20 27

🚨 Urgences Nouvelle Aquitaine et Occitanie :

07 49 79 54 27
07 49 60 28 82

🚨 Urgences Provence :

07 88 31 02 60

#StopNuisibles #MaisonSaine #PréventionPro #nuisibles #toulouse #occitanie #pau #bearn #aquitaine #avignon #provence #moustiques #rats #serpents #intervention #deratisation #desinsectisation #desinfection",2023-08-11 18:31,118,,104,,1,0,1,"0",2,"19.23",,,,,
"3166393823525218989_55644265820","FEED_IMAGE","https://scontent-lcy1-1.cdninstagram.com/v/t51.2885-15/366412051_674709111234961_1978694278901641303_n.jpg?_nc_cat=106&ccb=1-7&_nc_sid=8ae9d6&_nc_ohc=tG1ylG_dbLAAX_5-8c9&_nc_ht=scontent-lcy1-1.cdninstagram.com&edm=AM6HXa8EAAAA&oh=00_AfAMSsi4PDqaKKSu6lnX9BgatOF0hJsZBTaaUPW3kTlHBw&oe=6508FB12","https://www.instagram.com/p/CvxSmf-Niqt/","🌞 Pourquoi les nuisibles adorent l'été? Découvrez le ici! 🐜🐝

L'été est la période idéale pour certains nuisibles : fourmis, guêpes, serpents, moustiques... 

En cause, des conditions idéales pour certaines espèces : 

➡️Des températures élevées, qui favorisent le métabolisme de certains animaux et certains insectes, les rendant plus actifs. 

➡️ Une nourriture plus accessible : que ce soit nos collations en extérieur ou bien l'activité de la faune et de la flore qui reprend, les sources d'alimentation sont bien plus disponibles pendant l'été.

➡️Cycle de reproduction : l'été est aussi l'une des principales périodes reproductives pour certaines espèces. D'autres préparent l'hiver en faisant des réserves de glucides ou d'autres sources caloriques. 

➡️Humidité ambiante : les orages et pluies d'été, mêlés à une chaleur plus élevée, rendent l'eau plus accessible mais augmentent aussi le taux d'humidité dans l'air. Des conditions idéales pour le bien être de certains insectes.

Ces conditions favorisent la prolifération de certaines espèces invasives qui, fréquemment, viennent troubler le quotidien. 

Si vous constatez une infestation ou l'apparition de nids de nuisibles à proximité, n'hésitez pas et faites appel à une équipe professionnelle. 

☎️ 05 54 54 20 27

🚨 Pour vos URGENCES en Nouvelle Aquitaine et Occitanie :

07 49 79 54 27
07 49 60 28 82

🚨 Pour vos URGENCES en Provence :

07 88 31 02 60

#nuisibles #été #toulouse #pau #auch #arles #avignon #carcassonne #sudouest #sudest #nouvelleaquitaine #occitanie #provence #urgences #desinsectisation #frelon #guepe #fourmis #moustique",2023-08-10 18:06,79,,72,,1,0,0,"0",1,"13.89",,,,,
"3165505166496919335_55644265820","FEED_CAROUSEL_ALBUM","https://scontent-lcy1-1.cdninstagram.com/v/t51.2885-15/366062727_1662749614228637_6901405077166100032_n.jpg?_nc_cat=101&ccb=1-7&_nc_sid=8ae9d6&_nc_ohc=MvRBLmsZckUAX9RJ6d0&_nc_ht=scontent-lcy1-1.cdninstagram.com&edm=AM6HXa8EAAAA&oh=00_AfAernN1aegCHtaNXPfuXpASwvpcXo2U5QYXYd3jYWM53Q&oe=6509CFC9","https://www.instagram.com/p/CvuIi1ntm8n/","Attention aux puces

Été comme hiver, ces petits nuisibles peuvent envahir le domicile au travers de nos chiens ou chats de compagnie. Une fois installée, la puce devient très difficile à déloger : parquet, draps, vêtements... Elle se glisse dans les moindres recoins, ponds ses œufs et se développe vitesse grand V. 

En plus de causer des démangeaisons, de part ses morsures, la puce peut aussi transmettre des maladies et causer des réactions allergiques. 

Alors, pour vous protéger, il est essentiel d'agir : traitez vos animaux de compagnie et nettoyez votre domicile au peigne fin. 

Les puces sont toujours là ? Contactez Interventions Nuisibles pour un nettoyage professionnel. 

➡️ Standard
📞 05 54 54 20 27

➡️ Urgence Occitanie
📞 07 49 79 54 27
📞 07 49 60 28 82

➡️ Urgence Provence
📞 07 88 31 02 60

✉️ contact@interventionsnuisibles.com

#pucesdechat #pucesdechien #pucesdemaison #puces #nuisibles #antinuisibles #santé #hygiène #nettoyage #maison",2023-08-09 12:40,58,,40,,2,0,0,"0",2,"50",,,,,
"3165002636331340863_55644265820","FEED_IMAGE","https://scontent-lcy1-1.cdninstagram.com/v/t51.2885-15/366469832_1023993111929104_2942900773312198128_n.jpg?_nc_cat=108&ccb=1-7&_nc_sid=8ae9d6&_nc_ohc=J5D1YW82vxoAX9N620l&_nc_ht=scontent-lcy1-1.cdninstagram.com&edm=AM6HXa8EAAAA&oh=00_AfCe8O5wCSDnSjpISH7U3gPLGKX_mee5L_hlBcDF85bCAQ&oe=65097350","https://www.instagram.com/p/CvsWSD7tFQ_/","🌞 L'été est bien là... Mais vous n'êtes pas les seuls à en profiter! 🐜🐝🦟

Avec les beaux jours, certains nuisibles sortent et viennent déranger la quiétude de nos vacances. De véritables troubles fête qui peuvent gâcher votre après-midi en terrasse et même votre sommeil. 

La tranquillité est essentielle, mais au delà, votre santé aussi. Ces insectes peuvent avoir un impact non négligeable : hygiène, transmission de maladies, inconfort durant la nuit, réactions allergiques... Si vous les repérez à proximité de votre domicile, il faut agir vite. 

Vous les connaissez, eux aussi vous connaissent, voici les 4 nuisibles les plus fréquents l'été : 

🦟 Moustiques : On les retrouves dans l'eau stagnante, les végétaux mais aussi les objets creux pouvant accueillir une flaque. 

➡️ Évitez de laisser des récipients d'eau à l'extérieur! 💧

🐝 Guêpes : Souvent proche des massifs fleuris, des plantes mais aussi de la nourriture. 

➡️ Éloignez les avec des huiles essentielles comme la lavande. 🌱

🐜 Fourmis : Souvent dehors, parfois dedans, l'insecte explore le monde en quête de nourriture.

Nettoyez fréquemment vos espaces alimentaires et gardez votre nourriture bien scellée. 🍪

🐞Punaises : Les plus fréquentes sont les punaises de lits, qui se glissent dans les draps, tissus et matelas pour vous mordre. 

➡️ Vérifiez vos bagages après les voyages et gardez votre literie propre. 🛏️

Pour une action rapide, efficace et durable, tournez vous vers un professionnel de l'élimination de nuisibles. Pour toute intervention, nous sommes à votre service! 💪

➡️ Standard 
📞 05 54 54 20 27

➡️ Urgence Occitanie 
📞 07 49 79 54 27
📞 07 49 60 28 82

➡️ Urgence Provence 
📞 07 88 31 02 60

✉️ contact@interventionsnuisibles.com

#nuisibles #guepes #moustiquetigre #moustique #punaises #fourmis #occitanie #aquitaine #provence #bordeaux #toulouse #pau #bayonne #avignon #tarbes #summer #holidays",2023-08-08 20:02,87,,73,,2,0,0,"0",2,"27.4",,,,,
"3164201655616319068_55644265820","FEED_CAROUSEL_ALBUM","https://scontent-lcy1-1.cdninstagram.com/v/t51.2885-15/365735412_1283161508971441_1606600647533315479_n.jpg?_nc_cat=107&ccb=1-7&_nc_sid=8ae9d6&_nc_ohc=S8S0OEi-KsIAX_LINJ1&_nc_ht=scontent-lcy1-1.cdninstagram.com&edm=AM6HXa8EAAAA&oh=00_AfAWCa-_o--I_NwhvtXbcMwCULLMxmC46unY2pqk2zrIAw&oe=650A9ADF","https://www.instagram.com/p/CvpgKQgtq5c/","🌅 Tous les étés, ils reviennent pour s'en prendre à notre peau 🦟

Les moustiques vont nous accompagner jusqu'à l'automne, alors autant les connaître, qu'ils soient communs, tigres ou autre !

----------------------------
➡️ Saviez vous que le moustique n'est pas attiré par la lumière ? Que la femelle peut pondre jusqu'à 800 œufs ?
 
➡️Découvrez 3 faits étonnants sur les moustiques pour mieux comprendre ce nuisible estival. 
----------------------------

✅Interventions Nuisibles agit rapidement et professionnellement pour vous débarrasser des animaux et insectes invasifs : 

☎️ Pour nous contacter : 05 54 54 20 27

À vos côtés dans tout le Sud : 

📍Nouvelle Aquitaine 
📍Occitanie
📍Provence

#moustique #protectioncontrelesmoustiques #moustiquetigre #nuisibles #antinuisibles #interventionsnuisibles #aquitaine #occitanie #provence #intervention #urgence",2023-08-07 17:30,60,,34,,1,0,0,"0",1,"29.41",,,,,
